{"game/avg_pieces_100":117.8,"game/best_lines_100":290,"game/avg_rewards_100":914.02,"epoch":1900,"_runtime":418,"game/avg_lines_100":33.48,"game/avg_score_100":636.68,"model/epsilon":0.0514495,"_timestamp":1.7836781255384855e+09,"_wandb":{"runtime":418},"_step":18,"model/loss":658.8323382568359}