{"game/best_lines_100":1387,"game/avg_pieces_100":330.5,"_timestamp":1.78358070614554e+09,"game/avg_score_100":2569.95,"game/avg_lines_100":118.07,"model/epsilon":0.001,"epoch":3000,"_step":29,"_wandb":{"runtime":2132},"model/loss":1566.2016775380093,"_runtime":2132,"game/avg_rewards_100":2993.62}